Ephemeris for Neptune,,,,,,,
,DATE,,Rise,Culm,Set,Approx,Constellation
Year,Month,Day,,,,Mag.,
2023,Jul,1,23:40,05:38,11:36,7.9,Pisces
2023,Jul,8,23:12,05:10,11:08,7.9,Pisces
2023,Jul,15,22:45,04:42,10:40,7.9,Pisces
2023,Jul,22,22:17,04:15,10:12,7.8,Pisces
2023,Aug,1,21:37,03:35,09:32,7.8,Pisces
2023,Aug,8,21:09,03:07,09:04,7.8,Pisces
2023,Aug,15,20:42,02:39,08:36,7.8,Pisces
2023,Aug,22,20:14,02:11,08:08,7.8,Pisces
2023,Sep,1,19:34,01:31,07:28,7.8,Pisces
2023,Sep,8,19:06,01:02,06:59,7.8,Pisces
2023,Sep,15,18:38,00:34,06:31,7.8,Pisces
2023,Sep,22,18:09,00:06,06:02,7.8,Pisces
2023,Oct,1,17:29,23:26,05:22,7.8,Pisces
2023,Oct,8,17:01,22:57,04:54,7.8,Pisces
2023,Oct,15,16:33,22:29,04:25,7.8,Pisces
2023,Oct,22,16:05,22:01,03:57,7.8,Pisces
2023,Nov,1,15:26,21:21,03:17,7.8,Pisces
2023,Nov,8,14:58,20:53,02:49,7.8,Pisces
2023,Nov,15,14:30,20:25,02:21,7.8,Pisces
2023,Nov,22,14:02,19:58,01:53,7.9,Pisces
2023,Dec,1,13:27,19:22,01:17,7.9,Pisces
2023,Dec,8,12:59,18:54,00:50,7.9,Pisces
2023,Dec,15,12:32,18:27,00:22,7.9,Pisces
2023,Dec,22,12:04,18:00,23:55,7.9,Pisces
2024,Jan,1,11:25,17:21,23:16,7.9,Pisces
2024,Jan,8,10:58,16:54,22:49,7.9,Pisces
2024,Jan,15,10:31,16:27,22:22,7.9,Pisces
2024,Jan,22,10:04,16:00,21:56,7.9,Pisces
2024,Feb,1,09:25,15:21,21:18,7.9,Pisces
2024,Feb,8,08:58,14:55,20:51,7.9,Pisces
2024,Feb,15,08:31,14:28,20:24,7.9,Pisces
2024,Feb,22,08:04,14:01,19:58,8,Pisces
2024,Mar,1,07:34,13:31,19:28,8,Pisces
2024,Mar,8,07:07,13:04,19:02,8,Pisces
2024,Mar,15,06:40,12:38,18:35,8,Pisces
2024,Mar,22,06:13,12:11,18:09,8,Pisces
2024,Apr,1,05:35,11:33,17:31,8,Pisces
2024,Apr,8,05:08,11:07,17:05,8,Pisces
2024,Apr,15,04:42,10:40,16:39,8,Pisces
2024,Apr,22,04:15,10:13,16:12,7.9,Pisces
2024,May,1,03:40,09:39,15:38,7.9,Pisces
2024,May,8,03:13,09:12,15:11,7.9,Pisces
2024,May,15,02:46,08:45,14:45,7.9,Pisces
2024,May,22,02:19,08:18,14:18,7.9,Pisces
2024,Jun,1,01:40,07:40,13:39,7.9,Pisces
2024,Jun,8,01:13,07:13,13:12,7.9,Pisces
2024,Jun,15,00:46,06:46,12:45,7.9,Pisces
2024,Jun,22,00:19,06:18,12:18,7.9,Pisces
2024,Jul,1,23:43,05:43,11:43,7.9,Pisces
2024,Jul,8,23:16,05:15,11:15,7.9,Pisces
2024,Jul,15,22:48,04:48,10:47,7.9,Pisces
2024,Jul,22,22:20,04:20,10:20,7.8,Pisces
2024,Aug,1,21:41,03:40,09:40,7.8,Pisces
2024,Aug,8,21:13,03:12,09:12,7.8,Pisces
2024,Aug,15,20:45,02:44,08:43,7.8,Pisces
2024,Aug,22,20:17,02:16,08:15,7.8,Pisces
2024,Sep,1,19:37,01:36,07:35,7.8,Pisces
2024,Sep,8,19:09,01:08,07:06,7.8,Pisces
2024,Sep,15,18:41,00:40,06:38,7.8,Pisces
2024,Sep,22,18:13,00:11,06:10,7.8,Pisces
2024,Oct,1,17:33,23:31,05:29,7.8,Pisces
2024,Oct,8,17:05,23:03,05:01,7.8,Pisces
2024,Oct,15,16:37,22:35,04:32,7.8,Pisces
2024,Oct,22,16:09,22:07,04:04,7.8,Pisces
2024,Nov,1,15:29,21:26,03:24,7.8,Pisces
2024,Nov,8,15:01,20:59,02:56,7.8,Pisces
2024,Nov,15,14:33,20:31,02:28,7.8,Pisces
2024,Nov,22,14:06,20:03,02:00,7.9,Pisces
2024,Dec,1,13:30,19:27,01:24,7.9,Pisces
2024,Dec,8,13:02,19:00,00:57,7.9,Pisces
2024,Dec,15,12:35,18:32,00:29,7.9,Pisces
2024,Dec,22,12:08,18:05,00:02,7.9,Pisces
2025,Jan,1,11:28,17:26,23:23,7.9,Pisces
2025,Jan,8,11:01,16:59,22:56,7.9,Pisces
2025,Jan,15,10:34,16:32,22:29,7.9,Pisces
2025,Jan,22,10:07,16:05,22:03,7.9,Pisces
2025,Feb,1,09:28,15:26,21:24,7.9,Pisces
2025,Feb,8,09:01,15:00,20:58,7.9,Pisces
2025,Feb,15,08:35,14:33,20:31,7.9,Pisces
2025,Feb,22,08:08,14:06,20:05,8,Pisces
2025,Mar,1,07:41,13:40,19:38,8,Pisces
2025,Mar,8,07:14,13:13,19:12,8,Pisces
2025,Mar,15,06:47,12:47,18:46,8,Pisces
2025,Mar,22,06:21,12:20,18:19,8,Pisces
2025,Apr,1,05:42,11:42,17:42,8,Pisces
2025,Apr,8,05:15,11:15,17:16,8,Pisces
2025,Apr,15,04:49,10:49,16:49,8,Pisces
2025,Apr,22,04:22,10:22,16:23,7.9,Pisces
2025,May,1,03:47,09:48,15:49,7.9,Pisces
2025,May,8,03:20,09:21,15:22,7.9,Pisces
2025,May,15,02:53,08:54,14:55,7.9,Pisces
2025,May,22,02:26,08:27,14:29,7.9,Pisces
2025,Jun,1,01:48,07:49,13:50,7.9,Pisces
2025,Jun,8,01:20,07:22,13:23,7.9,Pisces
2025,Jun,15,00:53,06:55,12:56,7.9,Pisces
2025,Jun,22,00:26,06:27,12:29,7.9,Pisces
2025,Jul,1,23:51,05:52,11:54,7.9,Pisces
2025,Jul,8,23:23,05:25,11:26,7.9,Pisces
2025,Jul,15,22:55,04:57,10:58,7.9,Pisces
2025,Jul,22,22:28,04:29,10:31,7.9,Pisces
All times computed for New Delhi (latitude 28.64; longitude 77.22) and expressed in New Delhi time.,,,,,,,
Ephemeris computed by Dominic Ford.,,,,,,,
<https://in-the-sky.org/>,,,,,,,
